﻿<?xml version="1.0" encoding="utf-8"?>
<Solution xmlns="http://schemas.microsoft.com/sharepoint/" SolutionId="a1b2cffd-29cb-4a97-bff2-06a9498e96a9" SharePointProductVersion="15.0">
  <Assemblies>
    <Assembly Location="MPI.KMS.NewsClippingContent_WP.dll" DeploymentTarget="GlobalAssemblyCache">
      <SafeControls>
        <SafeControl Assembly="MPI.KMS.NewsClippingContent_WP, Version=1.0.0.0, Culture=neutral, PublicKeyToken=ff79f4984aa576c6" Namespace="MPI.KMS.NewsClippingContent_WP" TypeName="*" />
      </SafeControls>
    </Assembly>
  </Assemblies>
  <FeatureManifests>
    <FeatureManifest Location="MPI.KMS.NC_Content_WP_NewsClipping_WP\Feature.xml" />
  </FeatureManifests>
</Solution>
