﻿<?xml version="1.0" encoding="utf-8"?>
<Feature xmlns="http://schemas.microsoft.com/sharepoint/" Id="5e546351-d8a4-429d-997c-3c4ef4cd5996" ReceiverAssembly="MPI.KMS.NewsClippingContent, Version=1.0.0.0, Culture=neutral, PublicKeyToken=6ad510c8034a2758" ReceiverClass="MPI.KMS.NewsClippingContent.NewsClippingsContentEventReceiver" Scope="Site" Title="NC Content Feature" Version="1.0.0.0">
  <ElementManifests>
    <ElementManifest Location="NewsArticle\Elements.xml" />
    <ElementManifest Location="NewsAuthor\Elements.xml" />
    <ElementManifest Location="NewsDate\Elements.xml" />
    <ElementManifest Location="NewsMailerPP\Elements.xml" />
    <ElementManifest Location="NewsPageNumber\Elements.xml" />
    <ElementManifest Location="NewsSource\Elements.xml" />
    <ElementManifest Location="NewsStoryCity\Elements.xml" />
    <ElementManifest Location="NewsStoryProvince\Elements.xml" />
    <ElementManifest Location="NewsStoryState\Elements.xml" />
    <ElementManifest Location="ArticlePublishingDate\Elements.xml" />
    <ElementManifest Location="PublishingChecker\Elements.xml" />
    <ElementManifest Location="MailSent\Elements.xml" />
    <ElementManifest Location="NewsArticlesTitles\Elements.xml" />
    <ElementManifest Location="NewsClippings_CT\Elements.xml" />
    <ElementManifest Location="NewsClippingsImages\Elements.xml" />
    <ElementFile Location="NewsClippingsImages\DeleteSheet32.png" />
    <ElementFile Location="NewsClippingsImages\EDIT.GIF" />
    <ElementFile Location="NewsClippingsImages\AppIcon.png" />
    <ElementFile Location="NewsClippingsImages\mpi_logo.png" />
    <ElementFile Location="NewsClippingsImages\PUBMAJOR.GIF" />
    <ElementFile Location="NewsClippingsImages\EMAILSNT.PNG" />
    <ElementFile Location="NewsClippingsImages\newspaper-16.png" />
    <ElementFile Location="NewsClippingsImages\newspaper-32.png" />
    <ElementFile Location="NewsClippingsImages\refresh.png" />
    <ElementFile Location="NewsClippingsImages\NC_Clippings.css" />
    <ElementManifest Location="HideRibbonSections\Elements.xml" />
    <ElementManifest Location="NewsArticles\Elements.xml" />
    <ElementFile Location="NewsArticles\Schema.xml" />
    <ElementManifest Location="NewsArticlesInstance\Elements.xml" />
    <ElementManifest Location="DisplayTemplates\Elements.xml" />
    <ElementFile Location="DisplayTemplates\Item_NC_Clippings.html" />
    <ElementManifest Location="NC_DistributionList\Elements.xml" />
    <ElementManifest Location="AddRibbonControl\Elements.xml" />
  </ElementManifests>
</Feature>