﻿<?xml version="1.0" encoding="utf-8"?>
<Solution xmlns="http://schemas.microsoft.com/sharepoint/" SolutionId="c1c542f3-be2f-4e29-96fe-f7016d1a285a" SharePointProductVersion="15.0">
  <Assemblies>
    <Assembly Location="CodeLibrary.dll" DeploymentTarget="GlobalAssemblyCache" />
    <Assembly Location="MPI.KMS.NewsClippingContent.dll" DeploymentTarget="GlobalAssemblyCache" />
  </Assemblies>
  <TemplateFiles>
    <TemplateFile Location="Layouts\MPI.KMS.NewsClippingContent\ClippingPopUp.aspx" />
    <TemplateFile Location="Layouts\MPI.KMS.NewsClippingContent\NC_RemoveRow.js" />
  </TemplateFiles>
  <FeatureManifests>
    <FeatureManifest Location="MPI.KMS.NewsClippingContent_NC_Content\Feature.xml" />
  </FeatureManifests>
</Solution>