﻿<?xml version="1.0" encoding="utf-8"?>
<Elements xmlns="http://schemas.microsoft.com/sharepoint/">  
  <Field
       ID="{bf8a2199-2dd1-40fb-9dba-a0b6e4a89dd6}"
       Name="NewsStoryProvince"
       DisplayName="News Story Province"    
       Required="FALSE"
       Group="NewsClippings"
       Type="Choice">
    <CHOICES>
      <CHOICE>Ontario</CHOICE>
      <CHOICE>Manitoba</CHOICE>
      <CHOICE>Quebec</CHOICE>
      <CHOICE>Alberta</CHOICE>
      <CHOICE>British Columbia</CHOICE>
    </CHOICES>
  </Field>
</Elements>
