﻿<?xml version="1.0" encoding="utf-8"?>
<Elements xmlns="http://schemas.microsoft.com/sharepoint/">
  <CustomAction Id="5d71bbb6-1672-4a8a-bb8c-da8d1a028f3a.NC_Ribbon_Custom_Action"
                RegistrationType="ContentType"
                FeatureId="5e546351-d8a4-429d-997c-3c4ef4cd5996"
                RegistrationId="0x0100227E1A96EC06452EB7E299F3137DD5E2"                
                Location="CommandUI.Ribbon.EditForm"
                Sequence="10001"
                Title="NC_Ribbon_Custom_Action">
    <CommandUIExtension xmlns="http://schemas.microsoft.com/sharepoint/">
      <CommandUIDefinitions>
        <CommandUIDefinition Location="Ribbon.ListForm.Display.Manage.DeleteItem"/>
        <CommandUIDefinition Location="Ribbon.ListForm.Edit.Actions.DeleteItem"/>
        <CommandUIDefinition Location="Ribbon.ListForm.Edit.Actions.AttachFile"/>
        <CommandUIDefinition Location="Ribbon.ListForm.Edit.Clipboard"/>
        <CommandUIDefinition Location="Ribbon.ListForm.Edit.Commit"/>
        <CommandUIDefinition Location="Ribbon.ListForm.insert.Tables"/>
        <CommandUIDefinition Location="Ribbon.ListForm.insert.Media"/>
        <CommandUIDefinition Location="Ribbon.ListForm.insert.Content"/>
        <CommandUIDefinition Location="Ribbon.EditingTools.CPInsert.Links.UploadFile"/>
        <CommandUIDefinition Location="Ribbon.EditingTools.CPInsert.Media"/>
        <CommandUIDefinition Location="Ribbon.EditingTools.CPInsert.Tables"/>
        <CommandUIDefinition Location="Ribbon.EditingTools.CPInsert.Embed"/>
        <CommandUIDefinition Location="Ribbon.EditingTools.CPInsert.Content"/>
        <CommandUIDefinition Location="Ribbon.EditingTools.CPEditTab.Markup"/>
        <CommandUIDefinition Location="Ribbon.EditingTools.CPEditTab.Styles"/>
        <CommandUIDefinition Location="Ribbon.EditingTools.CPEditTab.Paragraph"/>
        <CommandUIDefinition Location="Ribbon.EditingTools.CPEditTab.Clipboard"/>
      </CommandUIDefinitions>    
    </CommandUIExtension>

  </CustomAction>
</Elements>
