﻿<?xml version="1.0" encoding="utf-8"?>
<Elements xmlns="http://schemas.microsoft.com/sharepoint/">
  <ContentType ID="0x0100227E1A96EC06452EB7E299F3137DD5E2" Name="NewsClippings_CT" Group="NewsClippings" Description="News Clippings Content Type used for adding the news articles" Inherits="TRUE">
    <FieldRefs>
      <FieldRef ID="{82642ec8-ef9b-478f-acf9-31f7d45fbc31}" DisplayName="$Resources:core,Title;" Required="TRUE" Name="LinkTitle" ReadOnly="TRUE" />
      <FieldRef ID="{18692bfd-ff1b-435e-a965-f3a69900f518}" DisplayName="News Article" Required="true" Name="NewsArticle" />
      <FieldRef ID="{5bd3f793-32cd-4eb5-b67b-2e8bba8f25f1}" DisplayName="Article Publishing Date" Required="FALSE" Name="ArticlePublishingDate" Format="DateOnly" ReadOnly="TRUE" />
      <FieldRef ID="{c242ac26-9a9c-44e5-a8f1-7a730bf3092c}" DisplayName="News Article Mailer" Required="FALSE" Name="NewsMailerPP" ReadOnly="TRUE" />
      <FieldRef ID="{7a2e6436-cdf1-4361-9b62-e719531376b8}" DisplayName="Publishing Checker" Required="FALSE" ReadOnly="TRUE" Name="PublishingChecker" />
      <FieldRef ID="{c607f7b1-6505-4c6e-aaf6-0c9211f8dfab}" DisplayName="Mail Sent" Required="FALSE" Name="MailSent" ReadOnly="TRUE" />
      <FieldRef ID="{4f11bfbc-1fea-4307-b3cb-b66e7e16cb58}" DisplayName="News Articles Titles" Required="FALSE" Name="NewsArticlesTitles" ReadOnly="TRUE" />
    </FieldRefs>
  </ContentType>
</Elements>
