﻿<?xml version="1.0" encoding="utf-8"?>
<Elements xmlns="http://schemas.microsoft.com/sharepoint/">
  <Module Name="NewsClippingsImages" Url="Style Library/NewsClippingsImages">
    <File Path="NewsClippingsImages\DeleteSheet32.png" Url="NewsClippingsImages/DeleteSheet32.png" IgnoreIfAlreadyExists="TRUE" Type="GhostableInLibrary"/>
    <File Path="NewsClippingsImages\EDIT.GIF" Url="NewsClippingsImages/EDIT.GIF" IgnoreIfAlreadyExists="TRUE" Type="GhostableInLibrary" />
    <File Path="NewsClippingsImages\AppIcon.png" Url="NewsClippingsImages/AppIcon.png" IgnoreIfAlreadyExists="TRUE" Type="GhostableInLibrary"/>
    <File Path="NewsClippingsImages\mpi_logo.png" Url="NewsClippingsImages/mpi_logo.png" IgnoreIfAlreadyExists="TRUE" Type="GhostableInLibrary"/>
    <File Path="NewsClippingsImages\PUBMAJOR.GIF" Url="NewsClippingsImages/PUBMAJOR.GIF" IgnoreIfAlreadyExists="TRUE" Type="GhostableInLibrary"/>
    <File Path="NewsClippingsImages\EMAILSNT.PNG" Url="NewsClippingsImages/EMAILSNT.PNG" IgnoreIfAlreadyExists="TRUE" Type="GhostableInLibrary"/>
    <File Path="NewsClippingsImages\newspaper-16.png" Url="NewsClippingsImages/newspaper-16.png" IgnoreIfAlreadyExists="TRUE" Type="GhostableInLibrary"/>
    <File Path="NewsClippingsImages\newspaper-32.png" Url="NewsClippingsImages/newspaper-32.png" IgnoreIfAlreadyExists="TRUE" Type="GhostableInLibrary"/>
    <File Path="NewsClippingsImages\refresh.png" Url="NewsClippingsImages/refresh.png" IgnoreIfAlreadyExists="TRUE" Type="GhostableInLibrary"/>
    <File Path="NewsClippingsImages\NC_Clippings.css" Url="NewsClippingsImages/NC_Clippings.css" IgnoreIfAlreadyExists="TRUE" Type="GhostableInLibrary"/>
  </Module>
</Elements>

