﻿<?xml version="1.0" encoding="utf-8"?>
<Elements xmlns="http://schemas.microsoft.com/sharepoint/">
  <CustomAction Id="AdvancedRibbonControls.FlyoutAnchorGroup"
                RegistrationType="ContentType"
                FeatureId="5e546351-d8a4-429d-997c-3c4ef4cd5996"
                RegistrationId="0x0100227E1A96EC06452EB7E299F3137DD5E2"
                Location="CommandUI.Ribbon.EditForm"
                Sequence="10001"
                Title="NC_Ribbon_Custom_Action">

    <CommandUIExtension>
      <CommandUIDefinitions>
        <CommandUIDefinition Location="Ribbon.ListForm.Edit.Groups._children">
          <Group Id="AdvancedRibbonControls.FlyoutAnchorsGroup"
                Sequence="50"
                Description="Some examples of advanced ribbon controls"
                Title="Remove News Articles"
                Template="Ribbon.Templates.AdvancedControls">
            <Controls Id="AdvancedRibbonControls.FlyoutAnchorsGroup.Controls">
              <Button Id="AdvancedRibbonControls.NewsRibbonButton"
                      Command="COB.Command.btnNews"
                      Image16by16="/Style Library/NewsClippingsImages/NewsClippingsImages/newspaper-16.png"
                      Image32by32="/Style Library/NewsClippingsImages/NewsClippingsImages/newspaper-32.png"
                               
              LabelText="Remove News Articles"
              TemplateAlias="cust1" />
            </Controls>             
          </Group>
        </CommandUIDefinition>

        <CommandUIDefinition Location="Ribbon.ListForm.Edit.Scaling._children">
          <MaxSize Id="AdvancedRibbonControls.Insert.MaxSize" Sequence="15"
                   GroupId="AdvancedRibbonControls.FlyoutAnchorsGroup" Size="OneLarge" />
        </CommandUIDefinition>

        <CommandUIDefinition Location="Ribbon.Templates._children">
          <GroupTemplate Id="Ribbon.Templates.AdvancedControls">
            <Layout Title="OneLarge" LayoutTitle="OneLarge">
              <Section Alignment="Top" Type="OneRow">
                <Row>
                  <ControlRef DisplayMode="Large" TemplateAlias="cust1" />
                  <ControlRef DisplayMode="Large" TemplateAlias="cust2" />
                  <ControlRef DisplayMode="Large" TemplateAlias="cust3" />
                </Row>
              </Section>
            </Layout>
          </GroupTemplate>
        </CommandUIDefinition>
      </CommandUIDefinitions>

      <CommandUIHandlers>
        <CommandUIHandler Command="COB.Command.btnNews"
                          CommandAction="javascript:GetRowNumber();"/>                       
      </CommandUIHandlers>
    </CommandUIExtension>

  </CustomAction>
  <CustomAction Id="Ribbon.ListForm.Edit.Scripts"
        Location="ScriptLink"                
        ScriptSrc="/_layouts/15/MPI.KMS.NewsClippingContent/NC_RemoveRow.js"/>          
</Elements>
