﻿<?xml version="1.0" encoding="utf-8"?>
<List xmlns:ows="Microsoft SharePoint" Title="News Articles" FolderCreation="FALSE" Direction="$Resources:Direction;" Url="Lists/News Articles" BaseType="0" xmlns="http://schemas.microsoft.com/sharepoint/" EnableContentTypes="TRUE">
  <MetaData>
    <ContentTypes>
      
      
    <ContentType ID="0x0100227E1A96EC06452EB7E299F3137DD5E2" Name="NewsClippings_CT" Group="NewsClippings" Description="News Clippings Content Type used for adding the news articles" Inherits="TRUE"><FieldRefs><FieldRef ID="{82642ec8-ef9b-478f-acf9-31f7d45fbc31}" DisplayName="$Resources:core,Title;" Required="TRUE" Name="LinkTitle" ReadOnly="TRUE" /><FieldRef ID="{18692bfd-ff1b-435e-a965-f3a69900f518}" DisplayName="News Article" Required="true" Name="NewsArticle" /><FieldRef ID="{5bd3f793-32cd-4eb5-b67b-2e8bba8f25f1}" DisplayName="Article Publishing Date" Required="FALSE" Name="ArticlePublishingDate" Format="DateOnly" ReadOnly="TRUE" /><FieldRef ID="{c242ac26-9a9c-44e5-a8f1-7a730bf3092c}" DisplayName="News Article Mailer" Required="FALSE" Name="NewsMailerPP" ReadOnly="TRUE" /><FieldRef ID="{7a2e6436-cdf1-4361-9b62-e719531376b8}" DisplayName="Publishing Checker" Required="FALSE" ReadOnly="TRUE" Name="PublishingChecker" /><FieldRef ID="{c607f7b1-6505-4c6e-aaf6-0c9211f8dfab}" DisplayName="Mail Sent" Required="FALSE" Name="MailSent" ReadOnly="TRUE" /></FieldRefs></ContentType></ContentTypes>
    <Fields>
      
    <Field ID="{fa564e0f-0c70-4ab9-b863-0177e6ddd247}" Type="Text" Name="Title" DisplayName="$Resources:core,Title;" Required="TRUE" SourceID="http://schemas.microsoft.com/sharepoint/v3" StaticName="Title" MaxLength="255" /><Field ID="{18692bfd-ff1b-435e-a965-f3a69900f518}" Name="NewsArticle" DisplayName="News Article" Type="Note" UnlimitedLengthInDocumentLibrary="TRUE" Required="true" RichText="TRUE" RichTextMode="fullHtml" Group="NewsClippings"></Field><Field ID="{5bd3f793-32cd-4eb5-b67b-2e8bba8f25f1}" Name="ArticlePublishingDate" DisplayName="Article Publishing Date" Type="DateTime" Format="DateOnly" Required="FALSE" ReadOnly="TRUE" Group="NewsClippings"></Field><Field ID="{c242ac26-9a9c-44e5-a8f1-7a730bf3092c}" Name="NewsMailerPP" StaticName="NewsMailerPP" DisplayName="News Article Mailer" Type="User" Required="FALSE" ReadOnly="TRUE" UserSelectionMode="PeopleAndGroups" ShowField="Name" Hidden="False" Group="NewsClippings"></Field><Field ID="{7a2e6436-cdf1-4361-9b62-e719531376b8}" Name="PublishingChecker" DisplayName="Publishing Checker" Type="Boolean" ReadOnly="TRUE" Required="FALSE" Group="NewsClippings"><Default>0</Default></Field><Field ID="{c607f7b1-6505-4c6e-aaf6-0c9211f8dfab}" Name="MailSent" DisplayName="Mail Sent" Type="Boolean" ReadOnly="TRUE" Required="FALSE" Group="NewsClippings"><Default>0</Default></Field><Field ID="{4f11bfbc-1fea-4307-b3cb-b66e7e16cb58}" Name="NewsArticlesTitles" DisplayName="News Articles Titles" Type="Note" Required="FALSE" RichText="TRUE" ReadOnly="TRUE" RichTextMode="fullHtml" Group="NewsClippings"></Field></Fields>
    <Views>
      
      
    <View BaseViewID="0" Type="HTML" MobileView="TRUE" TabularView="FALSE">
        <Toolbar Type="Standard" />
        <XslLink Default="TRUE">main.xsl</XslLink>
        <RowLimit Paged="TRUE">30</RowLimit>
        <ViewFields>
          
        <FieldRef Name="LinkTitleNoMenu"></FieldRef></ViewFields>
        <Query>
          <OrderBy>
            
          <FieldRef Name="Modified" Ascending="FALSE"></FieldRef></OrderBy>
        </Query>
        <ParameterBindings>
          <ParameterBinding Name="AddNewAnnouncement" Location="Resource(wss,addnewitem)" />
          <ParameterBinding Name="NoAnnouncements" Location="Resource(wss,noXinviewofY_LIST)" />
          <ParameterBinding Name="NoAnnouncementsHowTo" Location="Resource(wss,noXinviewofY_ONET_HOME)" />
        </ParameterBindings>
      </View><View BaseViewID="1" Type="HTML" WebPartZoneID="Main" DisplayName="$Resources:core,objectiv_schema_mwsidcamlidC24;" DefaultView="TRUE" MobileView="TRUE" MobileDefaultView="TRUE" SetupPath="pages\viewpage.aspx" ImageUrl="/_layouts/15/images/generic.png?rev=23" Url="AllItems.aspx">
        <Toolbar Type="Standard" />
        <XslLink Default="TRUE">main.xsl</XslLink>
        <JSLink>clienttemplates.js</JSLink>
        <RowLimit Paged="TRUE">30</RowLimit>
        <ViewFields>
          
        <FieldRef Name="LinkTitle"></FieldRef><FieldRef Name="NewsArticlesTitles" /><FieldRef Name="ArticlePublishingDate" /><FieldRef Name="NewsMailerPP" /><FieldRef Name="PublishingChecker" /><FieldRef Name="MailSent" /></ViewFields>
        <Query>
          <OrderBy>
            
          <FieldRef Name="ID"></FieldRef></OrderBy>
        </Query>
        <ParameterBindings>
          <ParameterBinding Name="NoAnnouncements" Location="Resource(wss,noXinviewofY_LIST)" />
          <ParameterBinding Name="NoAnnouncementsHowTo" Location="Resource(wss,noXinviewofY_DEFAULT)" />
        </ParameterBindings>
      </View><View BaseViewID="2" Name="90071f01-7df3-471d-b0ed-544775feda32" DisplayName="Preview Articles" Type="HTML" ReadOnly="TRUE" WebPartZoneID="Main" SetupPath="pages\viewpage.aspx" Url="Preview Articles.aspx"><RowLimit>30</RowLimit><ViewFields><FieldRef Name="NewsArticle" /></ViewFields><Query /><Toolbar Type="Standard" /><XslLink Default="TRUE">main.xsl</XslLink><JSLink>clienttemplates.js</JSLink></View></Views>
    <Forms>
      <Form Type="DisplayForm" Url="DispForm.aspx" SetupPath="pages\form.aspx" WebPartZoneID="Main" />
      <Form Type="EditForm" Url="EditForm.aspx" SetupPath="pages\form.aspx" WebPartZoneID="Main" />
      <Form Type="NewForm" Url="NewForm.aspx" SetupPath="pages\form.aspx" WebPartZoneID="Main" />
    </Forms>
  </MetaData>
</List>